pipe_id,from_node,to_node,hp_type,length_m,capacity_kW,loss_kW,output_lower_kW,output_upper_kW,initial_cost_EUR,annualised_cost_EUR,max_abs_input_kW,max_abs_output_kW,max_utilisation_percent
15,forks-6,consumers-4,DN-50,5.0,179.0,0.0455,0.0,178.9545,2815.0,183.11978975097853,168.97524724713165,168.92974724713164,94.39957946767132
16,producers-0,forks-3,DN-50,55.901699,179.0,0.5087054609,-179.0,178.4912945391,31472.656537,2047.3414735204974,179.0,178.4912945391,100.0
14,forks-5,consumers-3,DN-50,5.0,179.0,0.0455,0.0,178.9545,2815.0,183.11978975097853,148.97524724713165,148.92974724713164,83.22639511012942
17,producers-1,forks-6,DN-50,55.901699,179.0,0.5087054609,-179.0,178.4912945391,31472.656537,2047.3414735204974,169.48395270803164,168.97524724713165,94.68377246258751
7,forks-1,forks-5,DN-50,25.0,179.0,0.2275,-179.0,178.7725,14075.0,915.5989487548927,149.20274724713164,148.97524724713165,83.35349008219644
1,producers-1,forks-1,DN-50,50.0,179.0,0.455,-179.0,178.545,28150.0,1831.1978975097854,98.91598078882753,99.37098078882752,55.51451440716622
12,forks-3,consumers-1,DN-50,5.0,179.0,0.0455,0.0,178.9545,2815.0,183.11978975097853,108.97524724713165,108.92974724713164,60.88002639504562
13,forks-4,consumers-2,DN-50,5.0,179.0,0.0455,0.0,178.9545,2815.0,183.11978975097853,128.97524724713165,128.92974724713164,72.05321075258752
11,forks-2,consumers-0,DN-30,5.0,54.0,0.043,0.0,53.957,2455.0,159.701273122079,50.543,50.5,93.59814814814814
2,forks-0,forks-1,DN-50,100.0,179.0,0.91,-179.0,178.09,56300.0,3662.395795019571,179.0,178.09,100.0
3,forks-0,forks-2,DN-50,25.0,179.0,0.2275,-179.0,178.7725,14075.0,915.5989487548927,166.20074724713163,165.97324724713164,92.8495794676713
4,forks-0,forks-3,DN-50,25.0,179.0,0.2275,-179.0,178.7725,14075.0,915.5989487548927,152.71190118286017,152.93940118286017,85.44100624740791
0,producers-0,forks-0,DN-50,50.0,179.0,0.455,-179.0,178.545,28150.0,1831.1978975097854,179.0,178.545,100.0
9,forks-2,forks-4,DN-50,50.0,179.0,0.455,-179.0,178.545,28150.0,1831.1978975097854,129.43024724713166,128.97524724713165,72.3074006967216
