pipe_id,from_node,to_node,hp_type,length_m,capacity_kW,loss_kW,output_lower_kW,output_upper_kW,initial_cost_EUR,annualised_cost_EUR
15,forks-6,consumers-4,DN-50,5.0,179.0,0.0455,0.0,178.9545,2815.0,183.11978975097853
16,producers-0,forks-3,DN-50,55.901699,179.0,0.5087054609,-179.0,178.4912945391,31472.656537,2047.3414735204974
14,forks-5,consumers-3,DN-50,5.0,179.0,0.0455,0.0,178.9545,2815.0,183.11978975097853
17,producers-1,forks-6,DN-50,55.901699,179.0,0.5087054609,-179.0,178.4912945391,31472.656537,2047.3414735204974
7,forks-1,forks-5,DN-50,25.0,179.0,0.2275,-179.0,178.7725,14075.0,915.5989487548927
1,producers-1,forks-1,DN-50,50.0,179.0,0.455,-179.0,178.545,28150.0,1831.1978975097854
12,forks-3,consumers-1,DN-50,5.0,179.0,0.0455,0.0,178.9545,2815.0,183.11978975097853
13,forks-4,consumers-2,DN-50,5.0,179.0,0.0455,0.0,178.9545,2815.0,183.11978975097853
11,forks-2,consumers-0,DN-30,5.0,54.0,0.043,0.0,53.957,2455.0,159.701273122079
2,forks-0,forks-1,DN-50,100.0,179.0,0.91,-179.0,178.09,56300.0,3662.395795019571
3,forks-0,forks-2,DN-50,25.0,179.0,0.2275,-179.0,178.7725,14075.0,915.5989487548927
4,forks-0,forks-3,DN-50,25.0,179.0,0.2275,-179.0,178.7725,14075.0,915.5989487548927
0,producers-0,forks-0,DN-50,50.0,179.0,0.455,-179.0,178.545,28150.0,1831.1978975097854
9,forks-2,forks-4,DN-50,50.0,179.0,0.455,-179.0,178.545,28150.0,1831.1978975097854
