timestep,source_timestep,hour_count,0,1,2,3,4
0,105,73,29.0,23.633630191909095,43.63363019190909,63.63363019190909,83.63363019190909
1,153,44,36.4,23.489571486960575,43.48957148696057,63.48957148696057,83.48957148696057
2,192,76,27.3,23.345512782012054,43.34551278201205,63.34551278201205,83.34551278201205
3,219,38,27.5,24.93015853644576,44.93015853644576,64.93015853644576,84.93015853644576
4,287,101,23.2,29.97221320964391,49.97221320964391,69.97221320964391,89.97221320964391
5,352,101,28.2,32.42121119376873,52.42121119376873,72.42121119376873,92.42121119376873
6,355,45,28.3,34.29397435809947,54.29397435809947,74.29397435809946,94.29397435809946
7,433,38,26.2,24.93015853644576,44.93015853644576,64.93015853644576,84.93015853644576
8,516,84,34.0,17.727223289019836,37.72722328901983,57.72722328901983,77.72722328901983
9,571,106,23.2,24.06580630675465,44.06580630675465,64.06580630675465,84.06580630675465
10,655,47,26.8,55.64881992174974,75.64881992174975,95.64881992174975,115.64881992174975
11,714,1,25.2,103.31145775413943,123.31145775413943,143.31145775413944,163.31145775413944
12,720,70,28.7,37.89544198181243,57.89544198181243,77.89544198181244,97.89544198181244
13,738,8,34.9,100.57434236011757,120.57434236011757,140.57434236011756,160.57434236011756
14,818,155,24.4,36.1667375224302,56.1667375224302,76.1667375224302,96.1667375224302
15,889,13,30.6,36.74297234222428,56.74297234222428,76.74297234222428,96.74297234222428
16,906,4,30.3,100.14216624527201,120.14216624527201,140.142166245272,160.142166245272
17,908,13,30.1,35.73456140758466,55.73456140758466,75.73456140758466,95.73456140758466
18,954,1,25.7,104.89610350857312,124.89610350857312,144.8961035085731,164.8961035085731
19,995,54,28.6,73.74526600842358,93.74526600842358,113.74526600842358,133.74526600842358
20,1002,1,30.5,100.43028365516905,120.43028365516905,140.43028365516903,160.43028365516903
21,1039,74,26.4,62.131461644433074,82.13146164443307,102.13146164443307,122.13146164443307
22,1098,3,26.5,101.29463588486016,121.29463588486016,141.29463588486016,161.29463588486016
23,1127,109,25.3,26.658862995827985,46.65886299582799,66.65886299582799,86.65886299582799
24,1147,36,29.4,29.828154504695394,49.82815450469539,69.82815450469539,89.82815450469539
25,1371,44,30.3,21.040573502835763,41.04057350283576,61.04057350283576,81.04057350283577
26,1441,55,28.2,16.14257753458613,36.14257753458613,56.14257753458613,76.14257753458614
27,1448,60,36.7,16.574753649431685,36.574753649431685,56.574753649431685,76.57475364943168
28,1515,67,31.1,28.675684865107243,48.67568486510724,68.67568486510724,88.67568486510724
29,1522,90,27.9,22.625219257269464,42.625219257269464,62.625219257269464,82.62521925726946
30,1531,55,28.9,27.37915652057058,47.379156520570575,67.37915652057058,87.37915652057058
31,1684,66,30.5,21.3286909127328,41.328690912732796,61.328690912732796,81.3286909127328
32,1733,93,32.1,22.481160552320947,42.481160552320944,62.481160552320944,82.48116055232094
33,1763,57,26.0,50.26369710181506,70.26369710181507,90.26369710181507,110.26369710181507
34,1858,62,18.0,23.489571486960575,43.48957148696057,63.48957148696057,83.48957148696057
35,1879,67,29.4,46.71718021494159,66.71718021494159,86.71718021494159,106.71718021494159
36,1896,98,29.3,16.28663623953465,36.28663623953465,56.28663623953465,76.28663623953466
37,1903,87,33.9,42.97165388628011,62.97165388628011,82.97165388628011,102.97165388628011
38,1956,47,16.8,4.854698191780822,24.854698191780823,44.85469819178083,64.85469819178083
39,1961,40,15.1,6.634703007983905,26.634703007983905,46.6347030079839,66.6347030079839
40,2189,83,29.1,19.311869043453537,39.31186904345354,59.31186904345354,79.31186904345354
41,2196,150,24.2,10.812405451490944,30.812405451490946,50.812405451490946,70.81240545149095
42,2272,32,25.2,15.99851882963761,35.99851882963761,55.99851882963761,75.99851882963762
43,2358,57,25.4,15.566342714792057,35.56634271479206,55.56634271479206,75.56634271479206
44,2366,85,20.8,11.2445815663365,31.2445815663365,51.2445815663365,71.2445815663365
45,2372,144,24.9,18.591575518710947,38.59157551871095,58.59157551871095,78.59157551871095
46,2468,24,21.7,22.19304314242391,42.19304314242391,62.19304314242391,82.1930431424239
47,2478,49,21.3,21.904925732526873,41.90492573252688,61.90492573252688,81.90492573252688
48,2621,88,22.4,21.3286909127328,41.328690912732796,61.328690912732796,81.3286909127328
49,2622,125,21.4,14.846049190049467,34.84604919004947,54.84604919004947,74.84604919004947
50,2695,56,16.9,43.25977129617715,63.25977129617715,83.25977129617715,103.25977129617715
51,2799,160,17.1,10.524288041593906,30.524288041593906,50.524288041593906,70.5242880415939
52,2834,70,20.9,23.05739537211502,43.057395372115025,63.057395372115025,83.05739537211502
53,2926,24,12.8,17.87128199396835,37.87128199396835,57.87128199396835,77.87128199396835
54,3060,92,13.6,5.050057253550202,25.0500572535502,45.0500572535502,65.0500572535502
55,3068,156,15.9,15.42228400984354,35.42228400984354,55.42228400984354,75.42228400984354
56,3087,51,10.4,12.541109910873166,32.54110991087317,52.54110991087317,72.54110991087316
57,3237,40,13.3,8.795583582211684,28.795583582211684,48.795583582211684,68.79558358221169
58,3258,36,11.4,67.96577468493152,87.96577468493152,107.96577468493152,127.96577468493152
59,3446,20,7.8,5.338174663447239,25.33817466344724,45.33817466344724,65.33817466344723
60,3554,29,12.2,14.26981437025539,34.26981437025539,54.26981437025539,74.26981437025539
61,3573,53,11.9,9.515877106954274,29.515877106954274,49.51587710695428,69.51587710695428
62,3694,66,8.5,4.905998548601684,24.905998548601683,44.90599854860169,64.90599854860169
63,3792,121,9.1,4.854698191780822,24.854698191780823,44.85469819178083,64.85469819178083
64,4044,110,6.3,4.854698191780822,24.854698191780823,44.85469819178083,64.85469819178083
65,4100,105,7.0,4.854698191780822,24.854698191780823,44.85469819178083,64.85469819178083
66,4190,64,5.7,4.854698191780822,24.854698191780823,44.85469819178083,64.85469819178083
67,4231,107,4.5,30.0991287890411,50.0991287890411,70.0991287890411,90.0991287890411
68,4236,117,5.6,4.854698191780822,24.854698191780823,44.85469819178083,64.85469819178083
69,4271,45,5.2,4.854698191780822,24.854698191780823,44.85469819178083,64.85469819178083
70,4272,95,4.3,4.854698191780822,24.854698191780823,44.85469819178083,64.85469819178083
71,4294,64,6.5,4.854698191780822,24.854698191780823,44.85469819178083,64.85469819178083
72,4297,63,5.8,4.854698191780822,24.854698191780823,44.85469819178083,64.85469819178083
73,4371,7,4.5,4.905998548601684,24.905998548601683,44.90599854860169,64.90599854860169
74,4394,39,5.3,5.338174663447239,25.33817466344724,45.33817466344724,65.33817466344723
75,4450,25,6.1,4.854698191780822,24.854698191780823,44.85469819178083,64.85469819178083
76,4576,83,5.9,4.854698191780822,24.854698191780823,44.85469819178083,64.85469819178083
77,4659,68,4.4,4.854698191780822,24.854698191780823,44.85469819178083,64.85469819178083
78,4709,61,6.7,4.854698191780822,24.854698191780823,44.85469819178083,64.85469819178083
79,4745,51,4.5,4.854698191780822,24.854698191780823,44.85469819178083,64.85469819178083
80,4753,83,3.9,4.854698191780822,24.854698191780823,44.85469819178083,64.85469819178083
81,4775,76,4.1,4.854698191780822,24.854698191780823,44.85469819178083,64.85469819178083
82,4869,70,3.5,4.854698191780822,24.854698191780823,44.85469819178083,64.85469819178083
83,4925,15,3.0,4.854698191780822,24.854698191780823,44.85469819178083,64.85469819178083
84,5197,92,4.9,4.854698191780822,24.854698191780823,44.85469819178083,64.85469819178083
85,5337,58,5.3,4.854698191780822,24.854698191780823,44.85469819178083,64.85469819178083
86,5349,106,4.6,4.854698191780822,24.854698191780823,44.85469819178083,64.85469819178083
87,5593,38,5.5,11.532698976233537,31.532698976233537,51.53269897623353,71.53269897623353
88,5610,114,6.0,67.96577468493152,87.96577468493152,107.96577468493152,127.96577468493152
89,5712,104,5.0,4.854698191780822,24.854698191780823,44.85469819178083,64.85469819178083
90,5752,46,5.4,4.854698191780822,24.854698191780823,44.85469819178083,64.85469819178083
91,5907,38,9.4,15.99851882963761,35.99851882963761,55.99851882963761,75.99851882963762
92,5975,33,12.1,8.651524877263165,28.651524877263164,48.651524877263164,68.65152487726317
93,6030,45,8.4,4.854698191780822,24.854698191780823,44.85469819178083,64.85469819178083
94,6048,55,7.8,4.854698191780822,24.854698191780823,44.85469819178083,64.85469819178083
95,6075,102,7.5,4.854698191780822,24.854698191780823,44.85469819178083,64.85469819178083
96,6099,80,10.8,4.854698191780822,24.854698191780823,44.85469819178083,64.85469819178083
97,6100,53,11.5,4.854698191780822,24.854698191780823,44.85469819178083,64.85469819178083
98,6104,52,12.5,4.854698191780822,24.854698191780823,44.85469819178083,64.85469819178083
99,6147,45,10.0,16.430694944483168,36.430694944483164,56.430694944483164,76.43069494448316
100,6180,72,8.1,4.854698191780822,24.854698191780823,44.85469819178083,64.85469819178083
101,6198,40,13.3,12.685168615821684,32.68516861582168,52.68516861582168,72.68516861582168
102,6255,107,8.9,6.490644303035387,26.49064430303539,46.49064430303539,66.4906443030354
103,6322,30,13.5,9.948053221799833,29.94805322179983,49.94805322179983,69.94805322179982
104,6375,14,8.7,6.058468188189831,26.05846818818983,46.058468188189835,66.05846818818983
105,6382,96,10.2,11.820816386130574,31.820816386130574,51.82081638613057,71.82081638613057
106,6390,67,13.9,10.380229336645385,30.380229336645385,50.380229336645385,70.38022933664539
107,6500,39,12.0,6.058468188189831,26.05846818818983,46.058468188189835,66.05846818818983
108,6535,76,23.6,32.59942712998678,52.59942712998678,72.59942712998678,92.59942712998678
109,6553,39,12.8,6.634703007983905,26.634703007983905,46.6347030079839,66.6347030079839
110,6565,112,10.2,4.854698191780822,24.854698191780823,44.85469819178083,64.85469819178083
111,6631,42,20.0,30.0991287890411,50.0991287890411,70.0991287890411,90.0991287890411
112,6632,37,18.4,4.854698191780822,24.854698191780823,44.85469819178083,64.85469819178083
113,6755,131,13.1,42.721344087671234,62.721344087671234,82.72134408767124,102.72134408767124
114,6894,123,11.2,8.507466172314647,28.507466172314647,48.50746617231465,68.50746617231465
115,6940,13,13.3,20.752456092938722,40.75245609293872,60.75245609293872,80.75245609293873
116,6966,33,13.2,21.18463220778428,41.184632207784276,61.184632207784276,81.18463220778428
117,7080,46,13.8,19.311869043453537,39.31186904345354,59.31186904345354,79.31186904345354
118,7122,71,13.6,72.19477748525942,92.19477748525942,112.19477748525942,132.1947774852594
119,7162,38,14.7,7.210937827777981,27.210937827777983,47.21093782777798,67.21093782777798
120,7235,96,12.7,45.941935953359504,65.9419359533595,85.9419359533595,105.9419359533595
121,7393,30,12.7,16.574753649431685,36.574753649431685,56.574753649431685,76.57475364943168
122,7400,56,13.6,14.413873075203906,34.41387307520391,54.41387307520391,74.41387307520391
123,7440,95,15.3,21.47274961768132,41.472749617681316,61.472749617681316,81.47274961768132
124,7502,22,13.3,17.29504717417428,37.29504717417428,57.29504717417428,77.29504717417427
125,7548,48,12.7,12.397051205924647,32.39705120592465,52.39705120592465,72.39705120592464
126,7590,67,16.9,25.074217241394283,45.07421724139428,65.07421724139428,85.07421724139428
127,7654,171,18.9,16.718812354380205,36.718812354380205,56.718812354380205,76.7188123543802
128,7722,66,25.4,82.99918035639831,102.99918035639831,122.99918035639831,142.9991803563983
129,7808,22,30.4,30.11627191459243,50.11627191459243,70.11627191459243,90.11627191459243
130,7986,28,24.9,93.94764193248571,113.94764193248571,133.9476419324857,153.9476419324857
131,8082,7,25.9,101.15057717991165,121.15057717991165,141.15057717991164,161.15057717991164
132,8154,1,33.9,108.6416298372346,128.6416298372346,148.6416298372346,168.6416298372346
133,8178,1,36.5,108.92974724713164,128.92974724713164,148.92974724713164,168.92974724713164
134,8290,70,38.9,23.633630191909095,43.63363019190909,63.63363019190909,83.63363019190909
135,8303,66,35.4,23.345512782012054,43.34551278201205,63.34551278201205,83.34551278201205
136,8385,14,50.5,18.879692928607984,38.87969292860798,58.87969292860798,78.87969292860798
137,8567,51,28.8,26.802921700776505,46.80292170077651,66.80292170077651,86.80292170077651
138,8586,4,33.3,100.28622495022054,120.28622495022054,140.28622495022054,160.28622495022054
139,8591,58,31.1,36.1667375224302,56.1667375224302,76.1667375224302,96.1667375224302
140,8644,58,24.1,34.43803306304798,54.43803306304798,74.43803306304798,94.43803306304798
