id,from_node,to_node,length
0,producers-0,forks-0,50.0
1,producers-1,forks-1,50.0
2,forks-0,forks-1,100.0
3,forks-0,forks-2,25.0
4,forks-0,forks-3,25.0
5,forks-0,forks-4,55.901699
6,forks-1,forks-4,55.901699
7,forks-1,forks-5,25.0
8,forks-1,forks-6,25.0
9,forks-2,forks-4,50.0
10,forks-4,forks-5,50.0
11,forks-2,consumers-0,5.0
12,forks-3,consumers-1,5.0
13,forks-4,consumers-2,5.0
14,forks-5,consumers-3,5.0
15,forks-6,consumers-4,5.0
16,producers-0,forks-3,55.901699
17,producers-1,forks-6,55.901699
